projeto,regra,avisos,pertinentes,falsos_positivos,inconclusivos
rssbud,SAC001,7,7,0,0
rssbud,SAC002,20,2,18,0
rssbud,SAC003,36,17,18,1
rssbud,SAC004,0,0,0,0
rssbud,SAC005,0,0,0,0
rssbud,SAC006,0,0,0,0
rssbud,SAC007,0,0,0,0
rssbud,SAC008,0,0,0,0
rssbud,SAC009,0,0,0,0
hundred-challenge-ios,SAC001,6,6,0,0
hundred-challenge-ios,SAC002,10,1,9,0
hundred-challenge-ios,SAC003,122,85,35,2
hundred-challenge-ios,SAC004,2,0,0,2
hundred-challenge-ios,SAC005,2,0,1,1
hundred-challenge-ios,SAC006,0,0,0,0
hundred-challenge-ios,SAC007,0,0,0,0
hundred-challenge-ios,SAC008,0,0,0,0
hundred-challenge-ios,SAC009,0,0,0,0
maeuse-ios,SAC001,0,0,0,0
maeuse-ios,SAC002,14,5,8,1
maeuse-ios,SAC003,61,46,15,0
maeuse-ios,SAC004,0,0,0,0
maeuse-ios,SAC005,3,2,1,0
maeuse-ios,SAC006,0,0,0,0
maeuse-ios,SAC007,0,0,0,0
maeuse-ios,SAC008,3,1,2,0
maeuse-ios,SAC009,2,2,0,0
capelo,SAC001,6,6,0,0
capelo,SAC002,4,0,3,1
capelo,SAC003,22,12,9,1
capelo,SAC004,0,0,0,0
capelo,SAC005,3,0,1,2
capelo,SAC006,0,0,0,0
capelo,SAC007,0,0,0,0
capelo,SAC008,3,1,2,0
capelo,SAC009,0,0,0,0
expense-tracker,SAC001,1,1,0,0
expense-tracker,SAC002,3,0,3,0
expense-tracker,SAC003,0,0,0,0
expense-tracker,SAC004,0,0,0,0
expense-tracker,SAC005,0,0,0,0
expense-tracker,SAC006,0,0,0,0
expense-tracker,SAC007,0,0,0,0
expense-tracker,SAC008,3,0,3,0
expense-tracker,SAC009,0,0,0,0
